captured_at,date,sport,home_team,away_team,market,book,home_odds,away_odds,over_odds,under_odds,total_line
2026-07-03T20:41:40,2026-07-03,MLB,Chicago Cubs,St. Louis Cardinals,moneyline,fanduel,-146,114,,,
2026-07-03T20:41:40,2026-07-03,MLB,Chicago Cubs,St. Louis Cardinals,spread,fanduel,144,-194,,,
2026-07-03T20:41:40,2026-07-03,MLB,Chicago Cubs,St. Louis Cardinals,total,fanduel,,,104,-138,9.5
2026-07-03T20:41:40,2026-07-03,MLB,Chicago Cubs,St. Louis Cardinals,moneyline,draftkings,-135,104,,,
2026-07-03T20:41:40,2026-07-03,MLB,Chicago Cubs,St. Louis Cardinals,spread,draftkings,160,-213,,,
2026-07-03T20:41:40,2026-07-03,MLB,Chicago Cubs,St. Louis Cardinals,total,draftkings,,,102,-133,9.5
2026-07-03T20:41:40,2026-07-03,MLB,Chicago Cubs,St. Louis Cardinals,moneyline,betmgm,-155,125,,,
2026-07-03T20:41:40,2026-07-03,MLB,Chicago Cubs,St. Louis Cardinals,spread,betmgm,140,-185,,,
2026-07-03T20:41:40,2026-07-03,MLB,Chicago Cubs,St. Louis Cardinals,total,betmgm,,,-120,-105,8.5
2026-07-03T20:41:40,2026-07-03,MLB,Washington Nationals,Pittsburgh Pirates,moneyline,fanduel,-148,126,,,
2026-07-03T20:41:40,2026-07-03,MLB,Washington Nationals,Pittsburgh Pirates,spread,fanduel,138,-166,,,
2026-07-03T20:41:40,2026-07-03,MLB,Washington Nationals,Pittsburgh Pirates,total,fanduel,,,-115,-105,9.5
2026-07-03T20:41:40,2026-07-03,MLB,Washington Nationals,Pittsburgh Pirates,moneyline,draftkings,-150,124,,,
2026-07-03T20:41:40,2026-07-03,MLB,Washington Nationals,Pittsburgh Pirates,spread,draftkings,139,-169,,,
2026-07-03T20:41:40,2026-07-03,MLB,Washington Nationals,Pittsburgh Pirates,total,draftkings,,,-116,-104,9.5
2026-07-03T20:41:40,2026-07-03,MLB,Washington Nationals,Pittsburgh Pirates,moneyline,betmgm,-155,125,,,
2026-07-03T20:41:40,2026-07-03,MLB,Washington Nationals,Pittsburgh Pirates,spread,betmgm,135,-165,,,
2026-07-03T20:41:40,2026-07-03,MLB,Washington Nationals,Pittsburgh Pirates,total,betmgm,,,-115,-105,9.5
2026-07-03T20:41:40,2026-07-03,MLB,New York Yankees,Minnesota Twins,moneyline,fanduel,-220,184,,,
2026-07-03T20:41:40,2026-07-03,MLB,New York Yankees,Minnesota Twins,spread,fanduel,-108,-111,,,
2026-07-03T20:41:40,2026-07-03,MLB,New York Yankees,Minnesota Twins,total,fanduel,,,-122,100,9.5
2026-07-03T20:41:40,2026-07-03,MLB,New York Yankees,Minnesota Twins,moneyline,draftkings,-220,179,,,
2026-07-03T20:41:40,2026-07-03,MLB,New York Yankees,Minnesota Twins,spread,draftkings,-107,-112,,,
2026-07-03T20:41:40,2026-07-03,MLB,New York Yankees,Minnesota Twins,total,draftkings,,,-104,-116,10.0
2026-07-03T20:41:40,2026-07-03,MLB,New York Yankees,Minnesota Twins,moneyline,betmgm,-220,180,,,
2026-07-03T20:41:40,2026-07-03,MLB,New York Yankees,Minnesota Twins,total,betmgm,,,-102,-118,10.0
2026-07-03T20:41:40,2026-07-03,MLB,Cincinnati Reds,Baltimore Orioles,moneyline,fanduel,106,-124,,,
2026-07-03T20:41:40,2026-07-03,MLB,Cincinnati Reds,Baltimore Orioles,spread,fanduel,-152,126,,,
2026-07-03T20:41:40,2026-07-03,MLB,Cincinnati Reds,Baltimore Orioles,total,fanduel,,,-105,-115,10.5
2026-07-03T20:41:40,2026-07-03,MLB,Cincinnati Reds,Baltimore Orioles,moneyline,draftkings,102,-123,,,
2026-07-03T20:41:40,2026-07-03,MLB,Cincinnati Reds,Baltimore Orioles,spread,draftkings,-155,128,,,
2026-07-03T20:41:40,2026-07-03,MLB,Cincinnati Reds,Baltimore Orioles,total,draftkings,,,-114,-106,10.5
2026-07-03T20:41:40,2026-07-03,MLB,Cincinnati Reds,Baltimore Orioles,moneyline,betmgm,100,-120,,,
2026-07-03T20:41:40,2026-07-03,MLB,Cincinnati Reds,Baltimore Orioles,spread,betmgm,-155,125,,,
2026-07-03T20:41:40,2026-07-03,MLB,Cincinnati Reds,Baltimore Orioles,total,betmgm,,,-110,-110,10.5
2026-07-03T20:41:40,2026-07-03,MLB,Cleveland Guardians,Chicago White Sox,moneyline,fanduel,-132,112,,,
2026-07-03T20:41:40,2026-07-03,MLB,Cleveland Guardians,Chicago White Sox,spread,fanduel,158,-194,,,
2026-07-03T20:41:40,2026-07-03,MLB,Cleveland Guardians,Chicago White Sox,total,fanduel,,,-118,-104,8.0
2026-07-03T20:41:40,2026-07-03,MLB,Cleveland Guardians,Chicago White Sox,moneyline,draftkings,-137,114,,,
2026-07-03T20:41:40,2026-07-03,MLB,Cleveland Guardians,Chicago White Sox,spread,draftkings,148,-180,,,
2026-07-03T20:41:40,2026-07-03,MLB,Cleveland Guardians,Chicago White Sox,total,draftkings,,,-114,-106,8.0
2026-07-03T20:41:40,2026-07-03,MLB,Cleveland Guardians,Chicago White Sox,moneyline,betmgm,-135,110,,,
2026-07-03T20:41:40,2026-07-03,MLB,Cleveland Guardians,Chicago White Sox,spread,betmgm,150,-185,,,
2026-07-03T20:41:40,2026-07-03,MLB,Cleveland Guardians,Chicago White Sox,total,betmgm,,,-118,-102,8.0
2026-07-03T20:41:40,2026-07-03,MLB,Atlanta Braves,New York Mets,moneyline,fanduel,-108,-108,,,
2026-07-03T20:41:40,2026-07-03,MLB,Atlanta Braves,New York Mets,spread,fanduel,-178,146,,,
2026-07-03T20:41:40,2026-07-03,MLB,Atlanta Braves,New York Mets,total,fanduel,,,-106,-114,9.0
2026-07-03T20:41:40,2026-07-03,MLB,Atlanta Braves,New York Mets,moneyline,draftkings,-120,-101,,,
2026-07-03T20:41:40,2026-07-03,MLB,Atlanta Braves,New York Mets,spread,draftkings,-195,160,,,
2026-07-03T20:41:40,2026-07-03,MLB,Atlanta Braves,New York Mets,total,draftkings,,,-106,-114,9.0
2026-07-03T20:41:40,2026-07-03,MLB,Atlanta Braves,New York Mets,moneyline,betmgm,-115,-105,,,
2026-07-03T20:41:40,2026-07-03,MLB,Atlanta Braves,New York Mets,total,betmgm,,,-110,-110,9.0
2026-07-03T20:41:40,2026-07-04,MLB,Colorado Rockies,San Francisco Giants,moneyline,fanduel,130,-154,,,
2026-07-03T20:41:40,2026-07-04,MLB,Colorado Rockies,San Francisco Giants,spread,fanduel,-118,-102,,,
2026-07-03T20:41:40,2026-07-04,MLB,Colorado Rockies,San Francisco Giants,total,fanduel,,,-105,-115,11.5
2026-07-03T20:41:40,2026-07-04,MLB,Colorado Rockies,San Francisco Giants,moneyline,draftkings,128,-154,,,
2026-07-03T20:41:40,2026-07-04,MLB,Colorado Rockies,San Francisco Giants,spread,draftkings,-116,-104,,,
2026-07-03T20:41:40,2026-07-04,MLB,Colorado Rockies,San Francisco Giants,total,draftkings,,,-108,-112,11.5
2026-07-03T20:41:40,2026-07-04,MLB,Colorado Rockies,San Francisco Giants,moneyline,betmgm,125,-155,,,
2026-07-03T20:41:40,2026-07-04,MLB,Colorado Rockies,San Francisco Giants,spread,betmgm,-118,-102,,,
2026-07-03T20:41:40,2026-07-04,MLB,Colorado Rockies,San Francisco Giants,total,betmgm,,,-110,-110,11.5
2026-07-04T20:29:19,2026-07-04,MLB,Houston Astros,Tampa Bay Rays,moneyline,fanduel,-112,-104,,,
2026-07-04T20:29:19,2026-07-04,MLB,Houston Astros,Tampa Bay Rays,spread,fanduel,-200,164,,,
2026-07-04T20:29:19,2026-07-04,MLB,Houston Astros,Tampa Bay Rays,total,fanduel,,,-115,-105,7.0
2026-07-04T20:29:19,2026-07-04,MLB,Houston Astros,Tampa Bay Rays,moneyline,betmgm,-118,-102,,,
2026-07-04T20:29:19,2026-07-04,MLB,Houston Astros,Tampa Bay Rays,spread,betmgm,-200,165,,,
2026-07-04T20:29:19,2026-07-04,MLB,Houston Astros,Tampa Bay Rays,total,betmgm,,,-118,-102,7.0
2026-07-04T20:29:19,2026-07-04,MLB,Houston Astros,Tampa Bay Rays,moneyline,draftkings,-118,-102,,,
2026-07-04T20:29:19,2026-07-04,MLB,Houston Astros,Tampa Bay Rays,spread,draftkings,-198,162,,,
2026-07-04T20:29:19,2026-07-04,MLB,Houston Astros,Tampa Bay Rays,total,draftkings,,,-118,-102,7.0
2026-07-03T20:41:40,2026-07-04,MLB,Los Angeles Angels,Boston Red Sox,moneyline,fanduel,-112,-104,,,
2026-07-03T20:41:40,2026-07-04,MLB,Los Angeles Angels,Boston Red Sox,spread,fanduel,-188,155,,,
2026-07-03T20:41:40,2026-07-04,MLB,Los Angeles Angels,Boston Red Sox,total,fanduel,,,-114,-106,7.5
2026-07-03T20:41:40,2026-07-04,MLB,Los Angeles Angels,Boston Red Sox,moneyline,betmgm,-115,-105,,,
2026-07-03T20:41:40,2026-07-04,MLB,Los Angeles Angels,Boston Red Sox,spread,betmgm,-200,165,,,
2026-07-03T20:41:40,2026-07-04,MLB,Los Angeles Angels,Boston Red Sox,total,betmgm,,,-110,-110,7.5
2026-07-03T20:41:40,2026-07-04,MLB,Los Angeles Angels,Boston Red Sox,moneyline,draftkings,-112,-108,,,
2026-07-03T20:41:40,2026-07-04,MLB,Los Angeles Angels,Boston Red Sox,spread,draftkings,-196,161,,,
2026-07-03T20:41:40,2026-07-04,MLB,Los Angeles Angels,Boston Red Sox,total,draftkings,,,-111,-108,7.5
2026-07-03T20:41:40,2026-07-04,MLB,Athletics,Miami Marlins,moneyline,fanduel,-142,120,,,
2026-07-03T20:41:40,2026-07-04,MLB,Athletics,Miami Marlins,spread,fanduel,142,-172,,,
2026-07-03T20:41:40,2026-07-04,MLB,Athletics,Miami Marlins,total,fanduel,,,-114,-106,10.5
2026-07-03T20:41:40,2026-07-04,MLB,Athletics,Miami Marlins,moneyline,draftkings,-143,119,,,
2026-07-03T20:41:40,2026-07-04,MLB,Athletics,Miami Marlins,spread,draftkings,139,-168,,,
2026-07-03T20:41:40,2026-07-04,MLB,Athletics,Miami Marlins,total,draftkings,,,-114,-105,10.5
2026-07-03T20:41:40,2026-07-04,MLB,Athletics,Miami Marlins,moneyline,betmgm,-145,118,,,
2026-07-03T20:41:40,2026-07-04,MLB,Athletics,Miami Marlins,spread,betmgm,135,-165,,,
2026-07-03T20:41:40,2026-07-04,MLB,Athletics,Miami Marlins,total,betmgm,,,-118,-102,10.5
2026-07-03T20:41:40,2026-07-04,MLB,Arizona Diamondbacks,Milwaukee Brewers,moneyline,fanduel,126,-148,,,
2026-07-03T20:41:40,2026-07-04,MLB,Arizona Diamondbacks,Milwaukee Brewers,spread,fanduel,-138,115,,,
2026-07-03T20:41:40,2026-07-04,MLB,Arizona Diamondbacks,Milwaukee Brewers,total,fanduel,,,-120,-102,8.5
2026-07-03T20:41:40,2026-07-04,MLB,Arizona Diamondbacks,Milwaukee Brewers,moneyline,draftkings,119,-144,,,
2026-07-03T20:41:40,2026-07-04,MLB,Arizona Diamondbacks,Milwaukee Brewers,spread,draftkings,-131,109,,,
2026-07-03T20:41:40,2026-07-04,MLB,Arizona Diamondbacks,Milwaukee Brewers,total,draftkings,,,-112,-108,8.5
2026-07-03T20:41:40,2026-07-04,MLB,Arizona Diamondbacks,Milwaukee Brewers,moneyline,betmgm,120,-145,,,
2026-07-03T20:41:40,2026-07-04,MLB,Arizona Diamondbacks,Milwaukee Brewers,spread,betmgm,-135,110,,,
2026-07-03T20:41:40,2026-07-04,MLB,Arizona Diamondbacks,Milwaukee Brewers,total,betmgm,,,-110,-110,8.5
2026-07-03T20:41:40,2026-07-04,MLB,Los Angeles Dodgers,San Diego Padres,moneyline,fanduel,-250,205,,,
2026-07-03T20:41:40,2026-07-04,MLB,Los Angeles Dodgers,San Diego Padres,spread,fanduel,-115,-104,,,
2026-07-03T20:41:40,2026-07-04,MLB,Los Angeles Dodgers,San Diego Padres,total,fanduel,,,-128,104,7.5
2026-07-03T20:41:40,2026-07-04,MLB,Los Angeles Dodgers,San Diego Padres,moneyline,draftkings,-252,203,,,
2026-07-03T20:41:40,2026-07-04,MLB,Los Angeles Dodgers,San Diego Padres,spread,draftkings,-120,100,,,
2026-07-03T20:41:40,2026-07-04,MLB,Los Angeles Dodgers,San Diego Padres,total,draftkings,,,-107,-112,8.0
2026-07-03T20:41:40,2026-07-04,MLB,Los Angeles Dodgers,San Diego Padres,moneyline,betmgm,-250,200,,,
2026-07-03T20:41:40,2026-07-04,MLB,Los Angeles Dodgers,San Diego Padres,spread,betmgm,-118,-102,,,
2026-07-03T20:41:40,2026-07-04,MLB,Los Angeles Dodgers,San Diego Padres,total,betmgm,,,-105,-115,8.0
2026-07-04T20:29:19,2026-07-04,MLB,Seattle Mariners,Toronto Blue Jays,moneyline,fanduel,-188,146,,,
2026-07-04T20:29:19,2026-07-04,MLB,Seattle Mariners,Toronto Blue Jays,spread,fanduel,130,-174,,,
2026-07-04T20:29:19,2026-07-04,MLB,Seattle Mariners,Toronto Blue Jays,total,fanduel,,,-106,-125,6.5
2026-07-04T20:29:19,2026-07-04,MLB,Seattle Mariners,Toronto Blue Jays,moneyline,draftkings,-201,152,,,
2026-07-04T20:29:19,2026-07-04,MLB,Seattle Mariners,Toronto Blue Jays,spread,draftkings,121,-157,,,
2026-07-04T20:29:19,2026-07-04,MLB,Seattle Mariners,Toronto Blue Jays,total,draftkings,,,-127,-103,5.5
2026-07-04T20:29:19,2026-07-04,MLB,Seattle Mariners,Toronto Blue Jays,moneyline,betmgm,-200,160,,,
2026-07-04T20:29:19,2026-07-04,MLB,Seattle Mariners,Toronto Blue Jays,spread,betmgm,125,-160,,,
2026-07-04T20:29:19,2026-07-04,MLB,Seattle Mariners,Toronto Blue Jays,total,betmgm,,,-105,-120,6.5
2026-07-04T09:08:45,2026-07-04,MLB,Washington Nationals,Pittsburgh Pirates,moneyline,fanduel,138,-164,,,
2026-07-04T09:08:45,2026-07-04,MLB,Washington Nationals,Pittsburgh Pirates,spread,fanduel,-115,-104,,,
2026-07-04T09:08:45,2026-07-04,MLB,Washington Nationals,Pittsburgh Pirates,total,fanduel,,,-104,-118,10.0
2026-07-04T09:08:45,2026-07-04,MLB,Washington Nationals,Pittsburgh Pirates,moneyline,draftkings,138,-167,,,
2026-07-04T09:08:45,2026-07-04,MLB,Washington Nationals,Pittsburgh Pirates,total,draftkings,,,-109,-110,10.0
2026-07-04T20:29:19,2026-07-04,MLB,Texas Rangers,Detroit Tigers,moneyline,fanduel,265,-370,,,
2026-07-04T20:29:19,2026-07-04,MLB,Texas Rangers,Detroit Tigers,spread,fanduel,100,-132,,,
2026-07-04T20:29:19,2026-07-04,MLB,Texas Rangers,Detroit Tigers,total,fanduel,,,-122,-108,9.5
2026-07-04T20:29:19,2026-07-04,MLB,Texas Rangers,Detroit Tigers,moneyline,draftkings,382,-597,,,
2026-07-04T20:29:19,2026-07-04,MLB,Texas Rangers,Detroit Tigers,total,draftkings,,,-134,103,10.5
2026-07-04T20:29:19,2026-07-04,MLB,Cincinnati Reds,Baltimore Orioles,moneyline,fanduel,-126,108,,,
2026-07-04T20:29:19,2026-07-04,MLB,Cincinnati Reds,Baltimore Orioles,spread,fanduel,160,-194,,,
2026-07-04T20:29:19,2026-07-04,MLB,Cincinnati Reds,Baltimore Orioles,total,fanduel,,,102,-124,9.5
2026-07-04T20:29:19,2026-07-04,MLB,Cincinnati Reds,Baltimore Orioles,moneyline,draftkings,-131,109,,,
2026-07-04T20:29:19,2026-07-04,MLB,Cincinnati Reds,Baltimore Orioles,total,draftkings,,,-118,-102,9.0
2026-07-04T20:29:19,2026-07-04,MLB,Cleveland Guardians,Chicago White Sox,moneyline,fanduel,-144,122,,,
2026-07-04T20:29:19,2026-07-04,MLB,Cleveland Guardians,Chicago White Sox,spread,fanduel,155,-188,,,
2026-07-04T20:29:19,2026-07-04,MLB,Cleveland Guardians,Chicago White Sox,total,fanduel,,,100,-122,7.5
2026-07-04T20:29:19,2026-07-04,MLB,Cleveland Guardians,Chicago White Sox,moneyline,draftkings,-148,123,,,
2026-07-04T20:29:19,2026-07-04,MLB,Cleveland Guardians,Chicago White Sox,total,draftkings,,,-102,-118,7.5
2026-07-05T20:38:49,2026-07-05,MLB,Atlanta Braves,New York Mets,moneyline,fanduel,900,-2500,,,
2026-07-05T20:38:49,2026-07-05,MLB,Atlanta Braves,New York Mets,spread,fanduel,350,-550,,,
2026-07-05T20:38:49,2026-07-05,MLB,Atlanta Braves,New York Mets,total,fanduel,,,118,-158,8.5
2026-07-05T20:38:49,2026-07-05,MLB,Atlanta Braves,New York Mets,moneyline,draftkings,700,-1560,,,
2026-07-05T20:38:49,2026-07-05,MLB,Atlanta Braves,New York Mets,total,draftkings,,,103,-134,8.5
2026-07-05T20:38:49,2026-07-05,MLB,Chicago Cubs,St. Louis Cardinals,moneyline,fanduel,-4000,1100,,,
2026-07-05T20:38:49,2026-07-05,MLB,Chicago Cubs,St. Louis Cardinals,spread,fanduel,-230,168,,,
2026-07-05T20:38:49,2026-07-05,MLB,Chicago Cubs,St. Louis Cardinals,total,fanduel,,,-125,-106,10.5
2026-07-05T20:38:49,2026-07-05,MLB,Chicago Cubs,St. Louis Cardinals,moneyline,draftkings,-5400,1100,,,
2026-07-05T20:38:49,2026-07-05,MLB,Kansas City Royals,Philadelphia Phillies,moneyline,fanduel,-650,420,,,
2026-07-05T20:38:49,2026-07-05,MLB,Kansas City Royals,Philadelphia Phillies,spread,fanduel,-192,142,,,
2026-07-05T20:38:49,2026-07-05,MLB,Kansas City Royals,Philadelphia Phillies,total,fanduel,,,-160,120,6.5
2026-07-05T20:38:49,2026-07-05,MLB,Kansas City Royals,Philadelphia Phillies,moneyline,draftkings,-630,395,,,
2026-07-05T20:38:49,2026-07-05,MLB,Kansas City Royals,Philadelphia Phillies,total,draftkings,,,112,-145,7.5
2026-07-04T20:29:19,2026-07-05,MLB,Los Angeles Angels,Boston Red Sox,moneyline,fanduel,138,-164,,,
2026-07-04T20:29:19,2026-07-05,MLB,Los Angeles Angels,Boston Red Sox,spread,fanduel,-126,105,,,
2026-07-04T20:29:19,2026-07-05,MLB,Los Angeles Angels,Boston Red Sox,total,fanduel,,,-108,-112,8.5
2026-07-04T20:29:19,2026-07-05,MLB,Los Angeles Angels,Boston Red Sox,moneyline,draftkings,141,-171,,,
2026-07-04T20:29:19,2026-07-05,MLB,Los Angeles Angels,Boston Red Sox,total,draftkings,,,-108,-111,8.5
2026-07-05T20:38:49,2026-07-05,MLB,Arizona Diamondbacks,Milwaukee Brewers,moneyline,fanduel,-240,182,,,
2026-07-05T20:38:49,2026-07-05,MLB,Arizona Diamondbacks,Milwaukee Brewers,spread,fanduel,-102,-130,,,
2026-07-05T20:38:49,2026-07-05,MLB,Arizona Diamondbacks,Milwaukee Brewers,total,fanduel,,,-106,-125,8.5
2026-07-05T20:38:49,2026-07-05,MLB,Arizona Diamondbacks,Milwaukee Brewers,moneyline,draftkings,-218,164,,,
2026-07-05T20:38:49,2026-07-05,MLB,Arizona Diamondbacks,Milwaukee Brewers,total,draftkings,,,-110,-118,8.5
2026-07-05T20:38:49,2026-07-05,MLB,Athletics,Miami Marlins,moneyline,fanduel,-142,112,,,
2026-07-05T20:38:49,2026-07-05,MLB,Athletics,Miami Marlins,spread,fanduel,148,-200,,,
2026-07-05T20:38:49,2026-07-05,MLB,Athletics,Miami Marlins,total,fanduel,,,-104,-128,9.5
2026-07-05T20:38:49,2026-07-05,MLB,Athletics,Miami Marlins,moneyline,draftkings,-153,117,,,
2026-07-05T20:38:49,2026-07-05,MLB,Athletics,Miami Marlins,total,draftkings,,,-107,-121,9.5
2026-07-06T01:28:17,2026-07-05,MLB,Los Angeles Dodgers,San Diego Padres,moneyline,fanduel,158,-205,,,
2026-07-06T01:28:17,2026-07-05,MLB,Los Angeles Dodgers,San Diego Padres,spread,fanduel,-230,168,,,
2026-07-06T01:28:17,2026-07-05,MLB,Los Angeles Dodgers,San Diego Padres,total,fanduel,,,-114,-114,3.5
2026-07-06T01:28:17,2026-07-05,MLB,Los Angeles Dodgers,San Diego Padres,moneyline,draftkings,135,-176,,,
2026-07-06T01:28:17,2026-07-05,MLB,Los Angeles Dodgers,San Diego Padres,total,draftkings,,,-128,-101,3.5
2026-07-04T09:08:45,2026-07-04,MLB,Washington Nationals,Pittsburgh Pirates,spread,draftkings,-112,-107,,,
2026-07-04T09:08:45,2026-07-04,MLB,Washington Nationals,Pittsburgh Pirates,moneyline,betmgm,140,-170,,,
2026-07-04T09:08:45,2026-07-04,MLB,Washington Nationals,Pittsburgh Pirates,spread,betmgm,-110,-110,,,
2026-07-04T09:08:45,2026-07-04,MLB,Washington Nationals,Pittsburgh Pirates,total,betmgm,,,-105,-115,10.0
2026-07-04T20:29:19,2026-07-04,MLB,New York Yankees,Minnesota Twins,moneyline,fanduel,1000,-3000,,,
2026-07-04T20:29:19,2026-07-04,MLB,New York Yankees,Minnesota Twins,spread,fanduel,-125,-106,,,
2026-07-04T20:29:19,2026-07-04,MLB,New York Yankees,Minnesota Twins,total,fanduel,,,-104,-128,13.5
2026-07-04T20:29:19,2026-07-04,MLB,New York Yankees,Minnesota Twins,moneyline,draftkings,1040,-4300,,,
2026-07-04T20:29:19,2026-07-04,MLB,New York Yankees,Minnesota Twins,spread,draftkings,132,-173,,,
2026-07-04T20:29:19,2026-07-04,MLB,New York Yankees,Minnesota Twins,total,draftkings,,,-122,-106,13.5
2026-07-04T20:29:19,2026-07-04,MLB,New York Yankees,Minnesota Twins,moneyline,betmgm,1150,-3000,,,
2026-07-04T20:29:19,2026-07-04,MLB,New York Yankees,Minnesota Twins,total,betmgm,,,-135,105,13.5
2026-07-04T20:29:19,2026-07-04,MLB,Texas Rangers,Detroit Tigers,spread,draftkings,101,-131,,,
2026-07-04T20:29:19,2026-07-04,MLB,Texas Rangers,Detroit Tigers,moneyline,betmgm,475,-700,,,
2026-07-04T20:29:19,2026-07-04,MLB,Texas Rangers,Detroit Tigers,spread,betmgm,110,-145,,,
2026-07-04T20:29:19,2026-07-04,MLB,Texas Rangers,Detroit Tigers,total,betmgm,,,105,-135,11.5
2026-07-04T20:29:19,2026-07-04,MLB,Cincinnati Reds,Baltimore Orioles,spread,draftkings,158,-193,,,
2026-07-04T20:29:19,2026-07-04,MLB,Cincinnati Reds,Baltimore Orioles,moneyline,betmgm,-130,105,,,
2026-07-04T20:29:19,2026-07-04,MLB,Cincinnati Reds,Baltimore Orioles,spread,betmgm,155,-190,,,
2026-07-04T20:29:19,2026-07-04,MLB,Cincinnati Reds,Baltimore Orioles,total,betmgm,,,-118,-102,9.0
2026-07-04T20:29:19,2026-07-04,MLB,Cleveland Guardians,Chicago White Sox,spread,draftkings,156,-190,,,
2026-07-04T20:29:19,2026-07-04,MLB,Cleveland Guardians,Chicago White Sox,moneyline,betmgm,-145,118,,,
2026-07-04T20:29:19,2026-07-04,MLB,Cleveland Guardians,Chicago White Sox,spread,betmgm,155,-190,,,
2026-07-04T20:29:19,2026-07-04,MLB,Cleveland Guardians,Chicago White Sox,total,betmgm,,,-105,-115,7.5
2026-07-05T20:38:49,2026-07-05,MLB,Atlanta Braves,New York Mets,spread,draftkings,264,-375,,,
2026-07-05T20:38:49,2026-07-05,MLB,Atlanta Braves,New York Mets,moneyline,betmgm,875,-2000,,,
2026-07-04T20:29:19,2026-07-05,MLB,Atlanta Braves,New York Mets,spread,betmgm,118,-145,,,
2026-07-05T20:38:49,2026-07-05,MLB,Atlanta Braves,New York Mets,total,betmgm,,,118,-155,8.5
2026-07-05T20:38:49,2026-07-05,MLB,Chicago Cubs,St. Louis Cardinals,spread,draftkings,150,-198,,,
2026-07-05T20:38:49,2026-07-05,MLB,Chicago Cubs,St. Louis Cardinals,total,draftkings,,,-122,-107,10.5
2026-07-05T20:38:49,2026-07-05,MLB,Chicago Cubs,St. Louis Cardinals,moneyline,betmgm,-1200,675,,,
2026-07-05T20:38:49,2026-07-05,MLB,Chicago Cubs,St. Louis Cardinals,spread,betmgm,105,-135,,,
2026-07-05T20:38:49,2026-07-05,MLB,Chicago Cubs,St. Louis Cardinals,total,betmgm,,,110,-145,11.5
2026-07-05T20:38:49,2026-07-05,MLB,Colorado Rockies,San Francisco Giants,moneyline,fanduel,-150,118,,,
2026-07-05T20:38:49,2026-07-05,MLB,Colorado Rockies,San Francisco Giants,spread,fanduel,134,-180,,,
2026-07-05T20:38:49,2026-07-05,MLB,Colorado Rockies,San Francisco Giants,total,fanduel,,,-138,104,14.5
2026-07-05T20:38:49,2026-07-05,MLB,Colorado Rockies,San Francisco Giants,moneyline,draftkings,-151,116,,,
2026-07-05T20:38:49,2026-07-05,MLB,Colorado Rockies,San Francisco Giants,spread,draftkings,129,-169,,,
2026-07-05T20:38:49,2026-07-05,MLB,Colorado Rockies,San Francisco Giants,total,draftkings,,,-103,-127,15.5
2026-07-05T20:38:49,2026-07-05,MLB,Colorado Rockies,San Francisco Giants,moneyline,betmgm,-155,125,,,
2026-07-05T20:38:49,2026-07-05,MLB,Colorado Rockies,San Francisco Giants,spread,betmgm,130,-165,,,
2026-07-05T20:38:49,2026-07-05,MLB,Colorado Rockies,San Francisco Giants,total,betmgm,,,105,-135,15.5
2026-07-05T20:38:49,2026-07-05,MLB,Kansas City Royals,Philadelphia Phillies,spread,draftkings,132,-173,,,
2026-07-05T20:38:49,2026-07-05,MLB,Kansas City Royals,Philadelphia Phillies,moneyline,betmgm,-650,450,,,
2026-07-05T20:38:49,2026-07-05,MLB,Kansas City Royals,Philadelphia Phillies,spread,betmgm,-185,140,,,
2026-07-05T20:38:49,2026-07-05,MLB,Kansas City Royals,Philadelphia Phillies,total,betmgm,,,-165,130,6.5
2026-07-04T20:29:19,2026-07-05,MLB,Los Angeles Angels,Boston Red Sox,spread,draftkings,-121,100,,,
2026-07-04T20:29:19,2026-07-05,MLB,Los Angeles Angels,Boston Red Sox,moneyline,betmgm,140,-170,,,
2026-07-04T20:29:19,2026-07-05,MLB,Los Angeles Angels,Boston Red Sox,spread,betmgm,-118,-102,,,
2026-07-04T20:29:19,2026-07-05,MLB,Los Angeles Angels,Boston Red Sox,total,betmgm,,,-110,-110,8.5
2026-07-05T20:38:49,2026-07-05,MLB,Arizona Diamondbacks,Milwaukee Brewers,spread,draftkings,-101,-129,,,
2026-07-05T20:38:49,2026-07-05,MLB,Arizona Diamondbacks,Milwaukee Brewers,moneyline,betmgm,-235,185,,,
2026-07-05T20:38:49,2026-07-05,MLB,Arizona Diamondbacks,Milwaukee Brewers,spread,betmgm,-105,-120,,,
2026-07-05T20:38:49,2026-07-05,MLB,Arizona Diamondbacks,Milwaukee Brewers,total,betmgm,,,-110,-115,8.5
2026-07-05T20:38:49,2026-07-05,MLB,Athletics,Miami Marlins,spread,draftkings,131,-172,,,
2026-07-05T20:38:49,2026-07-05,MLB,Athletics,Miami Marlins,moneyline,betmgm,-118,-105,,,
2026-07-05T20:38:49,2026-07-05,MLB,Athletics,Miami Marlins,spread,betmgm,-190,145,,,
2026-07-05T20:38:49,2026-07-05,MLB,Athletics,Miami Marlins,total,betmgm,,,-135,105,9.5
2026-07-06T01:28:17,2026-07-05,MLB,Los Angeles Dodgers,San Diego Padres,spread,draftkings,-237,180,,,
2026-07-06T01:28:17,2026-07-05,MLB,Los Angeles Dodgers,San Diego Padres,moneyline,betmgm,105,-135,,,
2026-07-06T01:28:17,2026-07-05,MLB,Los Angeles Dodgers,San Diego Padres,spread,betmgm,-275,210,,,
2026-07-06T01:28:17,2026-07-05,MLB,Los Angeles Dodgers,San Diego Padres,total,betmgm,,,-105,-120,4.5
2026-07-04T20:29:19,2026-07-04,MLB,New York Yankees,Minnesota Twins,spread,betmgm,145,-190,,,
2026-07-05T09:46:41,2026-07-05,MLB,Washington Nationals,Pittsburgh Pirates,moneyline,fanduel,-134,116,,,
2026-07-05T20:38:49,2026-07-05,MLB,Washington Nationals,Pittsburgh Pirates,spread,fanduel,580,-1200,,,
2026-07-05T20:38:49,2026-07-05,MLB,Washington Nationals,Pittsburgh Pirates,total,fanduel,,,580,-1200,16.5
2026-07-05T09:46:41,2026-07-05,MLB,Washington Nationals,Pittsburgh Pirates,moneyline,draftkings,-131,109,,,
2026-07-05T20:38:49,2026-07-05,MLB,Washington Nationals,Pittsburgh Pirates,spread,draftkings,660,-1400,,,
2026-07-05T20:38:49,2026-07-05,MLB,Washington Nationals,Pittsburgh Pirates,total,draftkings,,,660,-1400,16.5
2026-07-05T09:46:41,2026-07-05,MLB,Washington Nationals,Pittsburgh Pirates,moneyline,betmgm,-135,110,,,
2026-07-05T20:38:49,2026-07-05,MLB,Washington Nationals,Pittsburgh Pirates,spread,betmgm,600,-1100,,,
2026-07-05T20:38:49,2026-07-05,MLB,Washington Nationals,Pittsburgh Pirates,total,betmgm,,,600,-1100,16.5
2026-07-05T09:46:41,2026-07-05,MLB,Cincinnati Reds,Baltimore Orioles,moneyline,draftkings,-110,-110,,,
2026-07-05T09:46:41,2026-07-05,MLB,Cincinnati Reds,Baltimore Orioles,spread,draftkings,-174,143,,,
2026-07-05T09:46:41,2026-07-05,MLB,Cincinnati Reds,Baltimore Orioles,total,draftkings,,,-111,-108,9.5
2026-07-05T09:46:41,2026-07-05,MLB,Cincinnati Reds,Baltimore Orioles,moneyline,fanduel,-108,-108,,,
2026-07-05T09:46:41,2026-07-05,MLB,Cincinnati Reds,Baltimore Orioles,spread,fanduel,-170,140,,,
2026-07-05T09:46:41,2026-07-05,MLB,Cincinnati Reds,Baltimore Orioles,total,fanduel,,,-110,-110,9.5
2026-07-05T09:46:41,2026-07-05,MLB,Cincinnati Reds,Baltimore Orioles,moneyline,betmgm,-110,-110,,,
2026-07-05T09:46:41,2026-07-05,MLB,Cincinnati Reds,Baltimore Orioles,spread,betmgm,-175,145,,,
2026-07-05T09:46:41,2026-07-05,MLB,Cincinnati Reds,Baltimore Orioles,total,betmgm,,,-110,-110,9.5
2026-07-05T09:46:41,2026-07-05,MLB,New York Yankees,Minnesota Twins,moneyline,draftkings,-136,113,,,
2026-07-05T20:38:49,2026-07-05,MLB,New York Yankees,Minnesota Twins,spread,draftkings,1080,-4700,,,
2026-07-05T20:38:49,2026-07-05,MLB,New York Yankees,Minnesota Twins,total,draftkings,,,1080,-4700,7.5
2026-07-05T09:46:41,2026-07-05,MLB,New York Yankees,Minnesota Twins,moneyline,fanduel,-136,116,,,
2026-07-05T20:38:49,2026-07-05,MLB,New York Yankees,Minnesota Twins,spread,fanduel,800,-2200,,,
2026-07-05T20:38:49,2026-07-05,MLB,New York Yankees,Minnesota Twins,total,fanduel,,,750,-2000,7.5
2026-07-05T20:38:49,2026-07-05,MLB,New York Yankees,Minnesota Twins,moneyline,betmgm,3300,-10000,,,
2026-07-05T20:38:49,2026-07-05,MLB,New York Yankees,Minnesota Twins,total,betmgm,,,950,-2500,7.5
2026-07-05T20:38:49,2026-07-05,MLB,Cleveland Guardians,Chicago White Sox,moneyline,draftkings,339,-512,,,
2026-07-05T20:38:49,2026-07-05,MLB,Cleveland Guardians,Chicago White Sox,spread,draftkings,106,-138,,,
2026-07-05T20:38:49,2026-07-05,MLB,Cleveland Guardians,Chicago White Sox,total,draftkings,,,-101,-129,14.5
2026-07-05T20:38:49,2026-07-05,MLB,Cleveland Guardians,Chicago White Sox,moneyline,fanduel,360,-530,,,
2026-07-05T20:38:49,2026-07-05,MLB,Cleveland Guardians,Chicago White Sox,spread,fanduel,106,-140,,,
2026-07-05T20:38:49,2026-07-05,MLB,Cleveland Guardians,Chicago White Sox,total,fanduel,,,-102,-130,14.5
2026-07-05T20:38:49,2026-07-05,MLB,Cleveland Guardians,Chicago White Sox,moneyline,betmgm,375,-550,,,
2026-07-05T20:38:49,2026-07-05,MLB,Cleveland Guardians,Chicago White Sox,spread,betmgm,105,-135,,,
2026-07-05T20:38:49,2026-07-05,MLB,Cleveland Guardians,Chicago White Sox,total,betmgm,,,105,-135,14.5
2026-07-05T20:38:49,2026-07-05,MLB,Texas Rangers,Detroit Tigers,moneyline,fanduel,158,-205,,,
2026-07-05T20:38:49,2026-07-05,MLB,Texas Rangers,Detroit Tigers,spread,fanduel,-138,104,,,
2026-07-05T20:38:49,2026-07-05,MLB,Texas Rangers,Detroit Tigers,total,fanduel,,,-130,-102,7.5
2026-07-05T20:38:49,2026-07-05,MLB,Texas Rangers,Detroit Tigers,moneyline,draftkings,157,-209,,,
2026-07-05T20:38:49,2026-07-05,MLB,Texas Rangers,Detroit Tigers,spread,draftkings,-129,-101,,,
2026-07-05T20:38:49,2026-07-05,MLB,Texas Rangers,Detroit Tigers,total,draftkings,,,-122,-106,7.5
2026-07-05T20:38:49,2026-07-05,MLB,Texas Rangers,Detroit Tigers,moneyline,betmgm,150,-190,,,
2026-07-05T20:38:49,2026-07-05,MLB,Texas Rangers,Detroit Tigers,spread,betmgm,-150,115,,,
2026-07-05T20:38:49,2026-07-05,MLB,Texas Rangers,Detroit Tigers,total,betmgm,,,-140,110,7.5
2026-07-05T20:38:49,2026-07-05,MLB,Seattle Mariners,Toronto Blue Jays,moneyline,draftkings,-120,100,,,
2026-07-05T20:38:49,2026-07-05,MLB,Seattle Mariners,Toronto Blue Jays,spread,draftkings,-207,169,,,
2026-07-05T20:38:49,2026-07-05,MLB,Seattle Mariners,Toronto Blue Jays,total,draftkings,,,-101,-120,7.5
2026-07-05T20:38:49,2026-07-05,MLB,Seattle Mariners,Toronto Blue Jays,moneyline,fanduel,-118,100,,,
2026-07-05T20:38:49,2026-07-05,MLB,Seattle Mariners,Toronto Blue Jays,spread,fanduel,-215,176,,,
2026-07-05T20:38:49,2026-07-05,MLB,Seattle Mariners,Toronto Blue Jays,total,fanduel,,,-102,-120,7.5
2026-07-05T20:38:49,2026-07-05,MLB,Seattle Mariners,Toronto Blue Jays,moneyline,betmgm,-118,-102,,,
2026-07-05T20:38:49,2026-07-05,MLB,Seattle Mariners,Toronto Blue Jays,spread,betmgm,165,-220,,,
2026-07-05T20:38:49,2026-07-05,MLB,Seattle Mariners,Toronto Blue Jays,total,betmgm,,,100,-120,7.5
2026-07-06T01:28:17,2026-07-06,MLB,Los Angeles Angels,Boston Red Sox,moneyline,fanduel,140,-166,,,
2026-07-06T01:28:17,2026-07-06,MLB,Los Angeles Angels,Boston Red Sox,spread,fanduel,-122,102,,,
2026-07-06T01:28:17,2026-07-06,MLB,Los Angeles Angels,Boston Red Sox,total,fanduel,,,-110,-110,8.0
2026-07-06T01:28:17,2026-07-06,MLB,Los Angeles Angels,Boston Red Sox,moneyline,draftkings,135,-163,,,
2026-07-06T01:28:17,2026-07-06,MLB,Los Angeles Angels,Boston Red Sox,spread,draftkings,-125,104,,,
2026-07-06T01:28:17,2026-07-06,MLB,Los Angeles Angels,Boston Red Sox,total,draftkings,,,-110,-109,8.0
2026-07-06T01:28:17,2026-07-06,MLB,Los Angeles Angels,Boston Red Sox,moneyline,betmgm,135,-160,,,
2026-07-06T01:28:17,2026-07-06,MLB,Los Angeles Angels,Boston Red Sox,spread,betmgm,-130,105,,,
2026-07-06T01:28:17,2026-07-06,MLB,Los Angeles Angels,Boston Red Sox,total,betmgm,,,-110,-110,8.0
2026-07-05T20:38:49,2026-07-05,MLB,New York Yankees,Minnesota Twins,spread,betmgm,950,-2500,,,
2026-07-05T20:38:49,2026-07-05,MLB,Houston Astros,Tampa Bay Rays,moneyline,fanduel,-280,210,,,
2026-07-05T20:38:49,2026-07-05,MLB,Houston Astros,Tampa Bay Rays,spread,fanduel,108,-144,,,
2026-07-05T20:38:49,2026-07-05,MLB,Houston Astros,Tampa Bay Rays,total,fanduel,,,-128,-104,5.5
2026-07-05T20:38:49,2026-07-05,MLB,Houston Astros,Tampa Bay Rays,moneyline,draftkings,-242,180,,,
2026-07-05T20:38:49,2026-07-05,MLB,Houston Astros,Tampa Bay Rays,spread,draftkings,117,-153,,,
2026-07-05T20:38:49,2026-07-05,MLB,Houston Astros,Tampa Bay Rays,total,draftkings,,,-120,-109,5.5
2026-07-05T20:38:49,2026-07-05,MLB,Houston Astros,Tampa Bay Rays,moneyline,betmgm,-145,115,,,
2026-07-05T20:38:49,2026-07-05,MLB,Houston Astros,Tampa Bay Rays,spread,betmgm,160,-210,,,
2026-07-05T20:38:49,2026-07-05,MLB,Houston Astros,Tampa Bay Rays,total,betmgm,,,-160,125,4.5
2026-07-06T18:47:31,2026-07-06,MLB,Kansas City Royals,Philadelphia Phillies,moneyline,fanduel,-800,480,,,
2026-07-06T18:47:31,2026-07-06,MLB,Kansas City Royals,Philadelphia Phillies,spread,fanduel,-154,116,,,
2026-07-06T18:47:31,2026-07-06,MLB,Kansas City Royals,Philadelphia Phillies,total,fanduel,,,-118,-112,14.5
2026-07-06T18:47:31,2026-07-06,MLB,Kansas City Royals,Philadelphia Phillies,moneyline,draftkings,-579,373,,,
2026-07-06T18:47:31,2026-07-06,MLB,Kansas City Royals,Philadelphia Phillies,spread,draftkings,-114,-114,,,
2026-07-06T18:47:31,2026-07-06,MLB,Kansas City Royals,Philadelphia Phillies,total,draftkings,,,-130,100,14.5
2026-07-06T18:47:31,2026-07-06,MLB,Kansas City Royals,Philadelphia Phillies,moneyline,betmgm,-600,400,,,
2026-07-06T18:47:31,2026-07-06,MLB,Kansas City Royals,Philadelphia Phillies,spread,betmgm,-105,-120,,,
2026-07-06T18:47:31,2026-07-06,MLB,Kansas City Royals,Philadelphia Phillies,total,betmgm,,,-140,110,14.5
2026-07-06T18:47:31,2026-07-06,MLB,Tampa Bay Rays,New York Yankees,moneyline,fanduel,-110,-106,,,
2026-07-06T18:47:31,2026-07-06,MLB,Tampa Bay Rays,New York Yankees,spread,fanduel,-188,155,,,
2026-07-06T18:47:31,2026-07-06,MLB,Tampa Bay Rays,New York Yankees,total,fanduel,,,-102,-120,7.5
2026-07-06T18:47:31,2026-07-06,MLB,Tampa Bay Rays,New York Yankees,moneyline,betmgm,-110,-110,,,
2026-07-06T18:47:31,2026-07-06,MLB,Tampa Bay Rays,New York Yankees,spread,betmgm,-190,155,,,
2026-07-06T18:47:31,2026-07-06,MLB,Tampa Bay Rays,New York Yankees,total,betmgm,,,105,-125,7.5
2026-07-06T18:47:31,2026-07-06,MLB,Tampa Bay Rays,New York Yankees,moneyline,draftkings,-112,-108,,,
2026-07-06T18:47:31,2026-07-06,MLB,Tampa Bay Rays,New York Yankees,spread,draftkings,-194,159,,,
2026-07-06T18:47:31,2026-07-06,MLB,Tampa Bay Rays,New York Yankees,total,draftkings,,,103,-125,7.5
2026-07-06T18:47:31,2026-07-06,MLB,Washington Nationals,Houston Astros,moneyline,fanduel,-116,-102,,,
2026-07-06T18:47:31,2026-07-06,MLB,Washington Nationals,Houston Astros,spread,fanduel,-184,152,,,
2026-07-06T18:47:31,2026-07-06,MLB,Washington Nationals,Houston Astros,total,fanduel,,,-120,-102,9.5
2026-07-07T01:28:12,2026-07-06,MLB,Washington Nationals,Houston Astros,moneyline,draftkings,-431,296,,,
2026-07-07T01:28:12,2026-07-06,MLB,Washington Nationals,Houston Astros,spread,draftkings,-1360,650,,,
2026-07-07T01:28:12,2026-07-06,MLB,Washington Nationals,Houston Astros,total,draftkings,,,161,-215,23.5
2026-07-07T01:28:12,2026-07-06,MLB,Washington Nationals,Houston Astros,moneyline,betmgm,-750,475,,,
2026-07-07T01:28:12,2026-07-06,MLB,Washington Nationals,Houston Astros,spread,betmgm,310,-450,,,
2026-07-07T01:28:12,2026-07-06,MLB,Washington Nationals,Houston Astros,total,betmgm,,,-105,-120,23.5
2026-07-07T01:28:12,2026-07-06,MLB,Atlanta Braves,New York Mets,moneyline,fanduel,-280,210,,,
2026-07-07T01:28:12,2026-07-06,MLB,Atlanta Braves,New York Mets,spread,fanduel,178,-245,,,
2026-07-07T01:28:12,2026-07-06,MLB,Atlanta Braves,New York Mets,total,fanduel,,,110,-146,8.5
2026-07-07T01:28:12,2026-07-06,MLB,Atlanta Braves,New York Mets,moneyline,draftkings,-232,173,,,
2026-07-07T01:28:12,2026-07-06,MLB,Atlanta Braves,New York Mets,spread,draftkings,196,-265,,,
2026-07-07T01:28:12,2026-07-06,MLB,Atlanta Braves,New York Mets,total,draftkings,,,-101,-129,8.5
2026-07-07T01:28:12,2026-07-06,MLB,Atlanta Braves,New York Mets,moneyline,betmgm,-210,165,,,
2026-07-07T01:28:12,2026-07-06,MLB,Atlanta Braves,New York Mets,spread,betmgm,210,-285,,,
2026-07-07T01:28:12,2026-07-06,MLB,Atlanta Braves,New York Mets,total,betmgm,,,100,-130,8.5
2026-07-07T01:28:12,2026-07-06,MLB,St. Louis Cardinals,Milwaukee Brewers,moneyline,fanduel,-670,430,,,
2026-07-07T01:28:12,2026-07-06,MLB,St. Louis Cardinals,Milwaukee Brewers,spread,fanduel,-192,142,,,
2026-07-07T01:28:12,2026-07-06,MLB,St. Louis Cardinals,Milwaukee Brewers,total,fanduel,,,-112,-118,4.5
2026-07-07T01:28:12,2026-07-06,MLB,St. Louis Cardinals,Milwaukee Brewers,moneyline,draftkings,-750,451,,,
2026-07-07T01:28:12,2026-07-06,MLB,St. Louis Cardinals,Milwaukee Brewers,spread,draftkings,140,-184,,,
2026-07-07T01:28:12,2026-07-06,MLB,St. Louis Cardinals,Milwaukee Brewers,total,draftkings,,,-127,-102,4.5
2026-07-07T01:28:12,2026-07-06,MLB,St. Louis Cardinals,Milwaukee Brewers,moneyline,betmgm,-600,400,,,
2026-07-07T01:28:12,2026-07-06,MLB,St. Louis Cardinals,Milwaukee Brewers,spread,betmgm,135,-175,,,
2026-07-07T01:28:12,2026-07-06,MLB,St. Louis Cardinals,Milwaukee Brewers,total,betmgm,,,-130,100,4.5
2026-07-07T01:28:12,2026-07-07,MLB,San Francisco Giants,Toronto Blue Jays,moneyline,fanduel,-106,-110,,,
2026-07-07T01:28:12,2026-07-07,MLB,San Francisco Giants,Toronto Blue Jays,spread,fanduel,-192,158,,,
2026-07-07T01:28:12,2026-07-07,MLB,San Francisco Giants,Toronto Blue Jays,total,fanduel,,,-120,-102,7.5
2026-07-07T01:28:12,2026-07-07,MLB,San Francisco Giants,Toronto Blue Jays,moneyline,betmgm,-110,-110,,,
2026-07-07T01:28:12,2026-07-07,MLB,San Francisco Giants,Toronto Blue Jays,spread,betmgm,-175,145,,,
2026-07-07T01:28:12,2026-07-07,MLB,San Francisco Giants,Toronto Blue Jays,total,betmgm,,,-110,-110,7.5
2026-07-07T01:28:12,2026-07-07,MLB,San Francisco Giants,Toronto Blue Jays,moneyline,draftkings,-108,-112,,,
2026-07-07T01:28:12,2026-07-07,MLB,San Francisco Giants,Toronto Blue Jays,spread,draftkings,-180,148,,,
2026-07-07T01:28:12,2026-07-07,MLB,San Francisco Giants,Toronto Blue Jays,total,draftkings,,,-112,-107,7.5
2026-07-07T01:28:12,2026-07-07,MLB,San Diego Padres,Arizona Diamondbacks,moneyline,fanduel,-124,106,,,
2026-07-07T01:28:12,2026-07-07,MLB,San Diego Padres,Arizona Diamondbacks,spread,fanduel,-205,168,,,
2026-07-07T01:28:12,2026-07-07,MLB,San Diego Padres,Arizona Diamondbacks,total,fanduel,,,-106,-114,8.5
2026-07-07T01:28:12,2026-07-07,MLB,San Diego Padres,Arizona Diamondbacks,moneyline,draftkings,-126,105,,,
2026-07-07T01:28:12,2026-07-07,MLB,San Diego Padres,Arizona Diamondbacks,total,draftkings,,,-107,-112,8.5
2026-07-07T01:28:12,2026-07-07,MLB,Los Angeles Dodgers,Colorado Rockies,moneyline,fanduel,-235,194,,,
2026-07-07T01:28:12,2026-07-07,MLB,Los Angeles Dodgers,Colorado Rockies,spread,fanduel,-120,100,,,
2026-07-07T01:28:12,2026-07-07,MLB,Los Angeles Dodgers,Colorado Rockies,total,fanduel,,,-124,102,9.5
2026-07-07T01:28:12,2026-07-07,MLB,Los Angeles Dodgers,Colorado Rockies,moneyline,draftkings,-251,203,,,
2026-07-07T01:28:12,2026-07-07,MLB,Los Angeles Dodgers,Colorado Rockies,total,draftkings,,,-106,-114,10.0
2026-07-07T01:28:12,2026-07-07,MLB,San Diego Padres,Arizona Diamondbacks,spread,draftkings,163,-198,,,
2026-07-07T01:28:12,2026-07-07,MLB,San Diego Padres,Arizona Diamondbacks,moneyline,betmgm,-125,105,,,
2026-07-07T01:28:12,2026-07-07,MLB,San Diego Padres,Arizona Diamondbacks,spread,betmgm,165,-200,,,
2026-07-07T01:28:12,2026-07-07,MLB,San Diego Padres,Arizona Diamondbacks,total,betmgm,,,-105,-115,8.5
2026-07-07T01:28:12,2026-07-07,MLB,Los Angeles Dodgers,Colorado Rockies,spread,draftkings,-126,105,,,
2026-07-07T01:28:12,2026-07-07,MLB,Los Angeles Dodgers,Colorado Rockies,moneyline,betmgm,-235,195,,,
2026-07-07T01:28:12,2026-07-07,MLB,Los Angeles Dodgers,Colorado Rockies,spread,betmgm,-120,100,,,
2026-07-07T01:28:12,2026-07-07,MLB,Los Angeles Dodgers,Colorado Rockies,total,betmgm,,,-105,-115,10.0
2026-07-08T01:14:04,2026-07-07,MLB,Baltimore Orioles,Chicago Cubs,moneyline,fanduel,420,-650,,,
2026-07-08T01:14:04,2026-07-07,MLB,Baltimore Orioles,Chicago Cubs,spread,fanduel,102,-136,,,
2026-07-08T01:14:04,2026-07-07,MLB,Baltimore Orioles,Chicago Cubs,total,fanduel,,,-122,-108,6.5
2026-07-07T18:51:34,2026-07-07,MLB,Detroit Tigers,Athletics,moneyline,fanduel,-205,172,,,
2026-07-08T01:14:04,2026-07-07,MLB,Detroit Tigers,Athletics,spread,fanduel,300,-450,,,
2026-07-08T01:14:04,2026-07-07,MLB,Detroit Tigers,Athletics,total,fanduel,,,102,-136,8.5
2026-07-08T01:14:04,2026-07-07,MLB,Washington Nationals,Houston Astros,moneyline,fanduel,1100,-4000,,,
2026-07-08T01:14:04,2026-07-07,MLB,Washington Nationals,Houston Astros,spread,fanduel,-230,168,,,
2026-07-08T01:14:04,2026-07-07,MLB,Washington Nationals,Houston Astros,total,fanduel,,,-112,-118,8.5
2026-07-08T01:14:04,2026-07-07,MLB,Chicago White Sox,Boston Red Sox,moneyline,fanduel,1060,-3500,,,
2026-07-08T01:14:04,2026-07-07,MLB,Chicago White Sox,Boston Red Sox,spread,fanduel,-162,122,,,
2026-07-08T01:14:04,2026-07-07,MLB,Chicago White Sox,Boston Red Sox,total,fanduel,,,102,-136,7.5
2026-07-08T01:14:04,2026-07-07,MLB,Minnesota Twins,Cleveland Guardians,moneyline,fanduel,-330,240,,,
2026-07-08T01:14:04,2026-07-07,MLB,Minnesota Twins,Cleveland Guardians,spread,fanduel,154,-210,,,
2026-07-08T01:14:04,2026-07-07,MLB,Minnesota Twins,Cleveland Guardians,total,fanduel,,,-125,-106,5.5
2026-07-08T01:14:04,2026-07-08,MLB,Texas Rangers,Los Angeles Angels,moneyline,fanduel,-136,106,,,
2026-07-08T01:14:04,2026-07-08,MLB,Texas Rangers,Los Angeles Angels,spread,fanduel,225,-320,,,
2026-07-08T01:14:04,2026-07-08,MLB,Texas Rangers,Los Angeles Angels,total,fanduel,,,-138,104,7.5
2026-07-08T01:14:04,2026-07-08,MLB,Los Angeles Dodgers,Colorado Rockies,moneyline,fanduel,-310,250,,,
2026-07-08T01:14:04,2026-07-08,MLB,Los Angeles Dodgers,Colorado Rockies,spread,fanduel,-146,122,,,
2026-07-08T01:14:04,2026-07-08,MLB,Los Angeles Dodgers,Colorado Rockies,total,fanduel,,,-105,-115,9.5
2026-07-08T01:14:04,2026-07-07,MLB,St. Louis Cardinals,Milwaukee Brewers,moneyline,fanduel,560,-1000,,,
2026-07-08T01:14:04,2026-07-07,MLB,St. Louis Cardinals,Milwaukee Brewers,spread,fanduel,122,-162,,,
2026-07-08T01:14:04,2026-07-07,MLB,St. Louis Cardinals,Milwaukee Brewers,total,fanduel,,,-130,-102,5.5
2026-07-08T01:14:04,2026-07-07,MLB,Baltimore Orioles,Chicago Cubs,moneyline,draftkings,416,-670,,,
2026-07-08T01:14:04,2026-07-07,MLB,Baltimore Orioles,Chicago Cubs,spread,draftkings,110,-143,,,
2026-07-08T01:14:04,2026-07-07,MLB,Baltimore Orioles,Chicago Cubs,total,draftkings,,,-123,-106,6.5
2026-07-08T01:14:04,2026-07-07,MLB,Baltimore Orioles,Chicago Cubs,moneyline,betmgm,450,-650,,,
2026-07-08T01:14:04,2026-07-07,MLB,Baltimore Orioles,Chicago Cubs,spread,betmgm,110,-140,,,
2026-07-08T01:14:04,2026-07-07,MLB,Baltimore Orioles,Chicago Cubs,total,betmgm,,,-125,-102,6.5
2026-07-07T18:51:34,2026-07-07,MLB,Detroit Tigers,Athletics,moneyline,draftkings,-219,178,,,
2026-07-08T01:14:04,2026-07-07,MLB,Detroit Tigers,Athletics,spread,draftkings,248,-348,,,
2026-07-08T01:14:04,2026-07-07,MLB,Detroit Tigers,Athletics,total,draftkings,,,-122,-107,8.5
2026-07-08T01:14:04,2026-07-07,MLB,Detroit Tigers,Athletics,moneyline,betmgm,-10000,3300,,,
2026-07-08T01:14:04,2026-07-07,MLB,Detroit Tigers,Athletics,spread,betmgm,154,-200,,,
2026-07-08T01:14:04,2026-07-07,MLB,Detroit Tigers,Athletics,total,betmgm,,,-145,110,8.5
2026-07-07T18:51:34,2026-07-07,MLB,Pittsburgh Pirates,Atlanta Braves,moneyline,fanduel,-152,128,,,
2026-07-08T01:14:04,2026-07-07,MLB,Pittsburgh Pirates,Atlanta Braves,spread,fanduel,-188,140,,,
2026-07-08T01:14:04,2026-07-07,MLB,Pittsburgh Pirates,Atlanta Braves,total,fanduel,,,130,-174,14.5
2026-07-07T18:51:34,2026-07-07,MLB,Pittsburgh Pirates,Atlanta Braves,moneyline,draftkings,-149,124,,,
2026-07-08T01:14:04,2026-07-07,MLB,Pittsburgh Pirates,Atlanta Braves,spread,draftkings,-161,123,,,
2026-07-08T01:14:04,2026-07-07,MLB,Pittsburgh Pirates,Atlanta Braves,total,draftkings,,,123,-161,14.5
2026-07-08T01:14:04,2026-07-07,MLB,Miami Marlins,Seattle Mariners,moneyline,fanduel,-122,-104,,,
2026-07-08T01:14:04,2026-07-07,MLB,Miami Marlins,Seattle Mariners,spread,fanduel,580,-1200,,,
2026-07-08T01:14:04,2026-07-07,MLB,Miami Marlins,Seattle Mariners,total,fanduel,,,-154,116,9.5
2026-07-08T01:14:04,2026-07-07,MLB,Tampa Bay Rays,New York Yankees,moneyline,fanduel,-4000,1100,,,
2026-07-08T01:14:04,2026-07-07,MLB,Tampa Bay Rays,New York Yankees,spread,fanduel,-500,320,,,
2026-07-08T01:14:04,2026-07-07,MLB,Tampa Bay Rays,New York Yankees,total,fanduel,,,320,-470,10.5
2026-07-08T01:14:04,2026-07-07,MLB,Tampa Bay Rays,New York Yankees,moneyline,draftkings,-5000,1100,,,
2026-07-08T01:14:04,2026-07-07,MLB,Tampa Bay Rays,New York Yankees,total,draftkings,,,311,-458,10.5
2026-07-08T01:14:04,2026-07-07,MLB,Washington Nationals,Houston Astros,moneyline,draftkings,920,-2900,,,
2026-07-08T01:14:04,2026-07-07,MLB,Washington Nationals,Houston Astros,spread,draftkings,-187,142,,,
2026-07-08T01:14:04,2026-07-07,MLB,Washington Nationals,Houston Astros,total,draftkings,,,-131,101,8.5
2026-07-08T01:14:04,2026-07-07,MLB,Washington Nationals,Houston Astros,moneyline,betmgm,800,-1600,,,
2026-07-08T01:14:04,2026-07-07,MLB,Washington Nationals,Houston Astros,spread,betmgm,-210,160,,,
2026-07-08T01:14:04,2026-07-07,MLB,Washington Nationals,Houston Astros,total,betmgm,,,-135,105,8.5
2026-07-08T01:14:04,2026-07-07,MLB,New York Mets,Kansas City Royals,moneyline,fanduel,-128,100,,,
2026-07-08T01:14:04,2026-07-07,MLB,New York Mets,Kansas City Royals,spread,fanduel,310,-470,,,
2026-07-08T01:14:04,2026-07-07,MLB,New York Mets,Kansas City Royals,total,fanduel,,,104,-138,21.5
2026-07-08T01:14:04,2026-07-07,MLB,Chicago White Sox,Boston Red Sox,moneyline,draftkings,940,-3100,,,
2026-07-08T01:14:04,2026-07-07,MLB,Chicago White Sox,Boston Red Sox,spread,draftkings,-149,114,,,
2026-07-08T01:14:04,2026-07-07,MLB,Chicago White Sox,Boston Red Sox,total,draftkings,,,101,-132,7.5
2026-07-08T01:14:04,2026-07-07,MLB,Chicago White Sox,Boston Red Sox,moneyline,betmgm,950,-2500,,,
2026-07-08T01:14:04,2026-07-07,MLB,Chicago White Sox,Boston Red Sox,spread,betmgm,135,-175,,,
2026-07-08T01:14:04,2026-07-07,MLB,Chicago White Sox,Boston Red Sox,total,betmgm,,,100,-130,7.5
2026-07-08T01:14:04,2026-07-07,MLB,Minnesota Twins,Cleveland Guardians,moneyline,draftkings,-308,223,,,
2026-07-08T01:14:04,2026-07-07,MLB,Minnesota Twins,Cleveland Guardians,spread,draftkings,144,-190,,,
2026-07-08T01:14:04,2026-07-07,MLB,Minnesota Twins,Cleveland Guardians,total,draftkings,,,104,-135,6.5
2026-07-08T01:14:04,2026-07-07,MLB,Minnesota Twins,Cleveland Guardians,moneyline,betmgm,-325,250,,,
2026-07-08T01:14:04,2026-07-07,MLB,Minnesota Twins,Cleveland Guardians,spread,betmgm,145,-190,,,
2026-07-08T01:14:04,2026-07-07,MLB,Minnesota Twins,Cleveland Guardians,total,betmgm,,,-140,110,5.5
2026-07-08T01:14:04,2026-07-08,MLB,Texas Rangers,Los Angeles Angels,moneyline,draftkings,-138,106,,,
2026-07-08T01:14:04,2026-07-08,MLB,Texas Rangers,Los Angeles Angels,spread,draftkings,-306,222,,,
2026-07-08T01:14:04,2026-07-08,MLB,Texas Rangers,Los Angeles Angels,total,draftkings,,,-134,103,7.5
2026-07-08T01:14:04,2026-07-08,MLB,Texas Rangers,Los Angeles Angels,moneyline,betmgm,-140,110,,,
2026-07-08T01:14:04,2026-07-08,MLB,Texas Rangers,Los Angeles Angels,spread,betmgm,220,-295,,,
2026-07-08T01:14:04,2026-07-08,MLB,Texas Rangers,Los Angeles Angels,total,betmgm,,,-145,110,7.5
2026-07-08T01:14:04,2026-07-08,MLB,San Francisco Giants,Toronto Blue Jays,moneyline,fanduel,-102,-116,,,
2026-07-08T01:14:04,2026-07-08,MLB,San Francisco Giants,Toronto Blue Jays,spread,fanduel,-194,160,,,
2026-07-08T01:14:04,2026-07-08,MLB,San Francisco Giants,Toronto Blue Jays,total,fanduel,,,102,-124,7.0
2026-07-08T01:14:04,2026-07-08,MLB,Los Angeles Dodgers,Colorado Rockies,moneyline,draftkings,-326,257,,,
2026-07-08T01:14:04,2026-07-08,MLB,Los Angeles Dodgers,Colorado Rockies,spread,draftkings,-155,128,,,
2026-07-08T01:14:04,2026-07-08,MLB,Los Angeles Dodgers,Colorado Rockies,total,draftkings,,,-105,-114,9.5
2026-07-08T01:14:04,2026-07-08,MLB,Los Angeles Dodgers,Colorado Rockies,moneyline,betmgm,-325,260,,,
2026-07-08T01:14:04,2026-07-08,MLB,Los Angeles Dodgers,Colorado Rockies,spread,betmgm,-102,-118,,,
2026-07-08T01:14:04,2026-07-08,MLB,Los Angeles Dodgers,Colorado Rockies,total,betmgm,,,-105,-115,9.5
2026-07-08T01:14:04,2026-07-07,MLB,St. Louis Cardinals,Milwaukee Brewers,moneyline,draftkings,502,-880,,,
2026-07-08T01:14:04,2026-07-07,MLB,St. Louis Cardinals,Milwaukee Brewers,spread,draftkings,121,-158,,,
2026-07-08T01:14:04,2026-07-07,MLB,St. Louis Cardinals,Milwaukee Brewers,total,draftkings,,,-121,-108,5.5
2026-07-08T01:14:04,2026-07-07,MLB,St. Louis Cardinals,Milwaukee Brewers,moneyline,betmgm,550,-900,,,
2026-07-08T01:14:04,2026-07-07,MLB,St. Louis Cardinals,Milwaukee Brewers,spread,betmgm,115,-150,,,
2026-07-08T01:14:04,2026-07-07,MLB,St. Louis Cardinals,Milwaukee Brewers,total,betmgm,,,-118,-110,5.5
2026-07-07T18:51:34,2026-07-07,MLB,Pittsburgh Pirates,Atlanta Braves,moneyline,betmgm,-150,125,,,
2026-07-08T01:14:04,2026-07-07,MLB,Pittsburgh Pirates,Atlanta Braves,total,betmgm,,,140,-180,14.5
2026-07-08T01:14:04,2026-07-07,MLB,Miami Marlins,Seattle Mariners,moneyline,draftkings,-110,-118,,,
2026-07-08T01:14:04,2026-07-07,MLB,Miami Marlins,Seattle Mariners,spread,draftkings,-274,201,,,
2026-07-08T01:14:04,2026-07-07,MLB,Miami Marlins,Seattle Mariners,total,draftkings,,,102,-132,10.5
2026-07-08T01:14:04,2026-07-07,MLB,Miami Marlins,Seattle Mariners,moneyline,betmgm,-135,105,,,
2026-07-08T01:14:04,2026-07-07,MLB,Miami Marlins,Seattle Mariners,spread,betmgm,-350,260,,,
2026-07-08T01:14:04,2026-07-07,MLB,Miami Marlins,Seattle Mariners,total,betmgm,,,120,-155,10.5
2026-07-08T01:14:04,2026-07-07,MLB,Tampa Bay Rays,New York Yankees,spread,draftkings,-471,318,,,
2026-07-08T01:14:04,2026-07-07,MLB,Tampa Bay Rays,New York Yankees,moneyline,betmgm,-2000,875,,,
2026-07-08T01:14:04,2026-07-07,MLB,Tampa Bay Rays,New York Yankees,spread,betmgm,-400,290,,,
2026-07-08T01:14:04,2026-07-07,MLB,Tampa Bay Rays,New York Yankees,total,betmgm,,,280,-400,10.5
2026-07-08T01:14:04,2026-07-07,MLB,Cincinnati Reds,Philadelphia Phillies,moneyline,draftkings,770,-1900,,,
2026-07-08T01:14:04,2026-07-07,MLB,Cincinnati Reds,Philadelphia Phillies,spread,draftkings,-121,-108,,,
2026-07-08T01:14:04,2026-07-07,MLB,Cincinnati Reds,Philadelphia Phillies,total,draftkings,,,-144,111,5.5
2026-07-08T01:14:04,2026-07-07,MLB,Cincinnati Reds,Philadelphia Phillies,moneyline,fanduel,900,-2500,,,
2026-07-08T01:14:04,2026-07-07,MLB,Cincinnati Reds,Philadelphia Phillies,spread,fanduel,-114,-114,,,
2026-07-08T01:14:04,2026-07-07,MLB,Cincinnati Reds,Philadelphia Phillies,total,fanduel,,,-140,106,5.5
2026-07-08T01:14:04,2026-07-07,MLB,Cincinnati Reds,Philadelphia Phillies,moneyline,betmgm,950,-2500,,,
2026-07-08T01:14:04,2026-07-07,MLB,Cincinnati Reds,Philadelphia Phillies,spread,betmgm,105,-135,,,
2026-07-08T01:14:04,2026-07-07,MLB,Cincinnati Reds,Philadelphia Phillies,total,betmgm,,,105,-135,6.5
2026-07-08T01:14:04,2026-07-07,MLB,New York Mets,Kansas City Royals,moneyline,draftkings,-132,101,,,
2026-07-08T01:14:04,2026-07-07,MLB,New York Mets,Kansas City Royals,spread,draftkings,-306,222,,,
2026-07-08T01:14:04,2026-07-07,MLB,New York Mets,Kansas City Royals,total,draftkings,,,-104,-125,21.5
2026-07-08T01:14:04,2026-07-07,MLB,New York Mets,Kansas City Royals,moneyline,betmgm,-115,-110,,,
2026-07-08T01:14:04,2026-07-07,MLB,New York Mets,Kansas City Royals,spread,betmgm,-275,210,,,
2026-07-08T01:14:04,2026-07-07,MLB,New York Mets,Kansas City Royals,total,betmgm,,,100,-130,21.5
2026-07-08T01:14:04,2026-07-08,MLB,San Diego Padres,Arizona Diamondbacks,moneyline,fanduel,-120,102,,,
2026-07-08T01:14:04,2026-07-08,MLB,San Diego Padres,Arizona Diamondbacks,spread,fanduel,-184,152,,,
2026-07-08T01:14:04,2026-07-08,MLB,San Diego Padres,Arizona Diamondbacks,total,fanduel,,,-108,-112,9.0
2026-07-08T01:14:04,2026-07-08,MLB,San Diego Padres,Arizona Diamondbacks,moneyline,draftkings,-123,102,,,
2026-07-08T01:14:04,2026-07-08,MLB,San Diego Padres,Arizona Diamondbacks,spread,draftkings,-199,163,,,
2026-07-08T01:14:04,2026-07-08,MLB,San Diego Padres,Arizona Diamondbacks,total,draftkings,,,-114,-105,9.0
2026-07-08T01:14:04,2026-07-08,MLB,San Diego Padres,Arizona Diamondbacks,moneyline,betmgm,-120,100,,,
2026-07-08T01:14:04,2026-07-08,MLB,San Diego Padres,Arizona Diamondbacks,spread,betmgm,160,-210,,,
2026-07-08T01:14:04,2026-07-08,MLB,San Diego Padres,Arizona Diamondbacks,total,betmgm,,,-115,-105,9.0
2026-07-08T01:14:04,2026-07-08,MLB,San Francisco Giants,Toronto Blue Jays,moneyline,draftkings,-112,-108,,,
2026-07-08T01:14:04,2026-07-08,MLB,San Francisco Giants,Toronto Blue Jays,spread,draftkings,-203,166,,,
2026-07-08T01:14:04,2026-07-08,MLB,San Francisco Giants,Toronto Blue Jays,total,draftkings,,,102,-122,7.0
2026-07-08T01:14:04,2026-07-08,MLB,San Francisco Giants,Toronto Blue Jays,moneyline,betmgm,-110,-110,,,
2026-07-08T01:14:04,2026-07-08,MLB,San Francisco Giants,Toronto Blue Jays,spread,betmgm,-200,165,,,
2026-07-08T01:14:04,2026-07-08,MLB,San Francisco Giants,Toronto Blue Jays,total,betmgm,,,105,-125,7.0
2026-07-08T01:14:04,2026-07-08,MLB,Baltimore Orioles,Chicago Cubs,moneyline,fanduel,-130,110,,,
2026-07-08T01:14:04,2026-07-08,MLB,Baltimore Orioles,Chicago Cubs,spread,fanduel,158,-192,,,
2026-07-08T01:14:04,2026-07-08,MLB,Baltimore Orioles,Chicago Cubs,total,fanduel,,,-102,-120,9.5
2026-07-08T01:14:04,2026-07-08,MLB,Detroit Tigers,Athletics,moneyline,fanduel,-158,134,,,
2026-07-08T01:14:04,2026-07-08,MLB,Detroit Tigers,Athletics,spread,fanduel,130,-156,,,
2026-07-08T01:14:04,2026-07-08,MLB,Detroit Tigers,Athletics,total,fanduel,,,-102,-120,9.0
2026-07-08T01:14:04,2026-07-08,MLB,Pittsburgh Pirates,Atlanta Braves,moneyline,fanduel,-122,104,,,
2026-07-08T01:14:04,2026-07-08,MLB,Pittsburgh Pirates,Atlanta Braves,spread,fanduel,-205,168,,,
2026-07-08T01:14:04,2026-07-08,MLB,Pittsburgh Pirates,Atlanta Braves,total,fanduel,,,-105,-115,9.0
2026-07-08T01:14:04,2026-07-08,MLB,Tampa Bay Rays,New York Yankees,moneyline,fanduel,-126,108,,,
2026-07-08T01:14:04,2026-07-08,MLB,Tampa Bay Rays,New York Yankees,spread,fanduel,-210,172,,,
2026-07-08T01:14:04,2026-07-08,MLB,Tampa Bay Rays,New York Yankees,total,fanduel,,,-110,-110,7.5
2026-07-08T01:14:04,2026-07-08,MLB,Washington Nationals,Houston Astros,moneyline,fanduel,-134,116,,,
2026-07-08T01:14:04,2026-07-08,MLB,Washington Nationals,Houston Astros,spread,fanduel,150,-182,,,
2026-07-08T01:14:04,2026-07-08,MLB,Washington Nationals,Houston Astros,total,fanduel,,,-118,-104,9.0
2026-07-08T01:14:04,2026-07-08,MLB,Chicago White Sox,Boston Red Sox,moneyline,fanduel,-124,106,,,
2026-07-08T01:14:04,2026-07-08,MLB,Chicago White Sox,Boston Red Sox,spread,fanduel,-210,172,,,
2026-07-08T01:14:04,2026-07-08,MLB,Chicago White Sox,Boston Red Sox,total,fanduel,,,-114,-106,8.0
2026-07-08T01:14:04,2026-07-08,MLB,Minnesota Twins,Cleveland Guardians,moneyline,fanduel,-132,112,,,
2026-07-08T01:14:04,2026-07-08,MLB,Minnesota Twins,Cleveland Guardians,spread,fanduel,164,-200,,,
2026-07-08T01:14:04,2026-07-08,MLB,Minnesota Twins,Cleveland Guardians,total,fanduel,,,-110,-110,8.5
2026-07-08T01:14:04,2026-07-08,MLB,St. Louis Cardinals,Milwaukee Brewers,moneyline,fanduel,114,-134,,,
2026-07-08T01:14:04,2026-07-08,MLB,St. Louis Cardinals,Milwaukee Brewers,spread,fanduel,-152,126,,,
2026-07-08T01:14:04,2026-07-08,MLB,St. Louis Cardinals,Milwaukee Brewers,total,fanduel,,,104,-128,8.5
2026-07-08T01:14:04,2026-07-09,MLB,Texas Rangers,Los Angeles Angels,moneyline,fanduel,-158,134,,,
2026-07-08T01:14:04,2026-07-09,MLB,Texas Rangers,Los Angeles Angels,spread,fanduel,146,-176,,,
2026-07-08T01:14:04,2026-07-09,MLB,Texas Rangers,Los Angeles Angels,total,fanduel,,,100,-122,8.0
2026-07-08T01:14:04,2026-07-09,MLB,San Diego Padres,Arizona Diamondbacks,moneyline,fanduel,-146,124,,,
2026-07-08T01:14:04,2026-07-09,MLB,San Diego Padres,Arizona Diamondbacks,spread,fanduel,152,-184,,,
2026-07-08T01:14:04,2026-07-09,MLB,San Diego Padres,Arizona Diamondbacks,total,fanduel,,,-122,100,7.5
2026-07-08T01:14:04,2026-07-09,MLB,Los Angeles Dodgers,Colorado Rockies,moneyline,fanduel,-250,205,,,
2026-07-08T01:14:04,2026-07-09,MLB,Los Angeles Dodgers,Colorado Rockies,spread,fanduel,-120,100,,,
2026-07-08T01:14:04,2026-07-09,MLB,Los Angeles Dodgers,Colorado Rockies,total,fanduel,,,-122,100,9.5
2026-07-08T01:14:04,2026-07-07,MLB,Pittsburgh Pirates,Atlanta Braves,spread,betmgm,-180,140,,,
2026-07-08T01:14:04,2026-07-08,MLB,Baltimore Orioles,Chicago Cubs,moneyline,draftkings,-120,100,,,
2026-07-08T01:14:04,2026-07-08,MLB,Baltimore Orioles,Chicago Cubs,spread,draftkings,-190,156,,,
2026-07-08T01:14:04,2026-07-08,MLB,Baltimore Orioles,Chicago Cubs,total,draftkings,,,-120,100,9.0
2026-07-08T01:14:04,2026-07-08,MLB,Baltimore Orioles,Chicago Cubs,moneyline,betmgm,-120,100,,,
2026-07-08T01:14:04,2026-07-08,MLB,Baltimore Orioles,Chicago Cubs,spread,betmgm,165,-200,,,
2026-07-08T01:14:04,2026-07-08,MLB,Baltimore Orioles,Chicago Cubs,total,betmgm,,,-120,100,9.0
2026-07-08T01:14:04,2026-07-08,MLB,Detroit Tigers,Athletics,moneyline,draftkings,-163,135,,,
2026-07-08T01:14:04,2026-07-08,MLB,Detroit Tigers,Athletics,spread,draftkings,128,-155,,,
2026-07-08T01:14:04,2026-07-08,MLB,Detroit Tigers,Athletics,total,draftkings,,,-101,-120,9.0
2026-07-08T01:14:04,2026-07-08,MLB,Detroit Tigers,Athletics,moneyline,betmgm,-165,135,,,
2026-07-08T01:14:04,2026-07-08,MLB,Detroit Tigers,Athletics,spread,betmgm,125,-150,,,
2026-07-08T01:14:04,2026-07-08,MLB,Detroit Tigers,Athletics,total,betmgm,,,105,-125,9.0
2026-07-08T01:14:04,2026-07-08,MLB,Pittsburgh Pirates,Atlanta Braves,moneyline,draftkings,-120,100,,,
2026-07-08T01:14:04,2026-07-08,MLB,Pittsburgh Pirates,Atlanta Braves,spread,draftkings,-198,162,,,
2026-07-08T01:14:04,2026-07-08,MLB,Pittsburgh Pirates,Atlanta Braves,total,draftkings,,,-117,-103,8.5
2026-07-08T01:14:04,2026-07-08,MLB,Pittsburgh Pirates,Atlanta Braves,moneyline,betmgm,-120,100,,,
2026-07-08T01:14:04,2026-07-08,MLB,Pittsburgh Pirates,Atlanta Braves,total,betmgm,,,-118,-102,8.5
2026-07-08T01:14:04,2026-07-08,MLB,Miami Marlins,Seattle Mariners,moneyline,fanduel,118,-138,,,
2026-07-08T01:14:04,2026-07-08,MLB,Miami Marlins,Seattle Mariners,spread,fanduel,-150,125,,,
2026-07-08T01:14:04,2026-07-08,MLB,Miami Marlins,Seattle Mariners,total,fanduel,,,-110,-110,8.5
2026-07-08T01:14:04,2026-07-08,MLB,Tampa Bay Rays,New York Yankees,moneyline,draftkings,-126,104,,,
2026-07-08T01:14:04,2026-07-08,MLB,Tampa Bay Rays,New York Yankees,spread,draftkings,164,-200,,,
2026-07-08T01:14:04,2026-07-08,MLB,Tampa Bay Rays,New York Yankees,total,draftkings,,,-105,-115,7.5
2026-07-08T01:14:04,2026-07-08,MLB,Tampa Bay Rays,New York Yankees,moneyline,betmgm,-130,105,,,
2026-07-08T01:14:04,2026-07-08,MLB,Tampa Bay Rays,New York Yankees,spread,betmgm,165,-200,,,
2026-07-08T01:14:04,2026-07-08,MLB,Tampa Bay Rays,New York Yankees,total,betmgm,,,-105,-115,7.5
2026-07-08T01:14:04,2026-07-08,MLB,Washington Nationals,Houston Astros,moneyline,draftkings,-136,113,,,
2026-07-08T01:14:04,2026-07-08,MLB,Washington Nationals,Houston Astros,spread,draftkings,144,-175,,,
2026-07-08T01:14:04,2026-07-08,MLB,Washington Nationals,Houston Astros,total,draftkings,,,-115,-105,9.0
2026-07-08T01:14:04,2026-07-08,MLB,Washington Nationals,Houston Astros,moneyline,betmgm,-140,115,,,
2026-07-08T01:14:04,2026-07-08,MLB,Washington Nationals,Houston Astros,spread,betmgm,145,-180,,,
2026-07-08T01:14:04,2026-07-08,MLB,Washington Nationals,Houston Astros,total,betmgm,,,-115,-105,9.0
2026-07-08T01:14:04,2026-07-08,MLB,Chicago White Sox,Boston Red Sox,moneyline,draftkings,-131,109,,,
2026-07-08T01:14:04,2026-07-08,MLB,Chicago White Sox,Boston Red Sox,spread,draftkings,159,-194,,,
2026-07-08T01:14:04,2026-07-08,MLB,Chicago White Sox,Boston Red Sox,total,draftkings,,,-110,-110,8.0
2026-07-08T01:14:04,2026-07-08,MLB,Chicago White Sox,Boston Red Sox,moneyline,betmgm,-135,110,,,
2026-07-08T01:14:04,2026-07-08,MLB,Chicago White Sox,Boston Red Sox,spread,betmgm,155,-190,,,
2026-07-08T01:14:04,2026-07-08,MLB,Chicago White Sox,Boston Red Sox,total,betmgm,,,-110,-110,8.0
2026-07-08T01:14:04,2026-07-08,MLB,Minnesota Twins,Cleveland Guardians,moneyline,draftkings,-136,113,,,
2026-07-08T01:14:04,2026-07-08,MLB,Minnesota Twins,Cleveland Guardians,spread,draftkings,153,-186,,,
2026-07-08T01:14:04,2026-07-08,MLB,Minnesota Twins,Cleveland Guardians,total,draftkings,,,-105,-115,8.5
2026-07-08T01:14:04,2026-07-08,MLB,Minnesota Twins,Cleveland Guardians,moneyline,betmgm,-140,115,,,
2026-07-08T01:14:04,2026-07-08,MLB,Minnesota Twins,Cleveland Guardians,spread,betmgm,154,-190,,,
2026-07-08T01:14:04,2026-07-08,MLB,Minnesota Twins,Cleveland Guardians,total,betmgm,,,-105,-115,8.5
2026-07-08T01:14:04,2026-07-08,MLB,St. Louis Cardinals,Milwaukee Brewers,moneyline,draftkings,109,-131,,,
2026-07-08T01:14:04,2026-07-08,MLB,St. Louis Cardinals,Milwaukee Brewers,spread,draftkings,-156,129,,,
2026-07-08T01:14:04,2026-07-08,MLB,St. Louis Cardinals,Milwaukee Brewers,total,draftkings,,,-105,-115,8.0
2026-07-08T01:14:04,2026-07-08,MLB,St. Louis Cardinals,Milwaukee Brewers,moneyline,betmgm,110,-135,,,
2026-07-08T01:14:04,2026-07-08,MLB,St. Louis Cardinals,Milwaukee Brewers,spread,betmgm,-155,125,,,
2026-07-08T01:14:04,2026-07-08,MLB,St. Louis Cardinals,Milwaukee Brewers,total,betmgm,,,-105,-115,8.0
2026-07-08T01:14:04,2026-07-09,MLB,Texas Rangers,Los Angeles Angels,moneyline,draftkings,-163,135,,,
2026-07-08T01:14:04,2026-07-09,MLB,Texas Rangers,Los Angeles Angels,spread,draftkings,125,-151,,,
2026-07-08T01:14:04,2026-07-09,MLB,Texas Rangers,Los Angeles Angels,total,draftkings,,,-115,-105,7.5
2026-07-08T01:14:04,2026-07-09,MLB,Texas Rangers,Los Angeles Angels,moneyline,betmgm,-165,135,,,
2026-07-08T01:14:04,2026-07-09,MLB,Texas Rangers,Los Angeles Angels,spread,betmgm,125,-155,,,
2026-07-08T01:14:04,2026-07-09,MLB,Texas Rangers,Los Angeles Angels,total,betmgm,,,-115,-105,7.5
2026-07-08T01:14:04,2026-07-09,MLB,San Diego Padres,Arizona Diamondbacks,moneyline,draftkings,-149,123,,,
2026-07-08T01:14:04,2026-07-09,MLB,San Diego Padres,Arizona Diamondbacks,spread,draftkings,141,-171,,,
2026-07-08T01:14:04,2026-07-09,MLB,San Diego Padres,Arizona Diamondbacks,total,draftkings,,,-107,-113,8.0
2026-07-08T01:14:04,2026-07-09,MLB,San Diego Padres,Arizona Diamondbacks,moneyline,betmgm,-155,125,,,
2026-07-08T01:14:04,2026-07-09,MLB,San Diego Padres,Arizona Diamondbacks,spread,betmgm,140,-170,,,
2026-07-08T01:14:04,2026-07-09,MLB,San Diego Padres,Arizona Diamondbacks,total,betmgm,,,-105,-115,8.0
2026-07-08T01:14:04,2026-07-09,MLB,Los Angeles Dodgers,Colorado Rockies,moneyline,draftkings,-232,188,,,
2026-07-08T01:14:04,2026-07-09,MLB,Los Angeles Dodgers,Colorado Rockies,spread,draftkings,-114,-105,,,
2026-07-08T01:14:04,2026-07-09,MLB,Los Angeles Dodgers,Colorado Rockies,total,draftkings,,,-112,-107,10.0
2026-07-08T01:14:04,2026-07-09,MLB,Los Angeles Dodgers,Colorado Rockies,moneyline,betmgm,-225,185,,,
2026-07-08T01:14:04,2026-07-09,MLB,Los Angeles Dodgers,Colorado Rockies,spread,betmgm,-115,-105,,,
2026-07-08T01:14:04,2026-07-09,MLB,Los Angeles Dodgers,Colorado Rockies,total,betmgm,,,-115,-105,10.0
